<?xml version="1.0" encoding="UTF-8"?>
<config xmlns="http://www.knime.org/2008/09/XMLConfig" xmlns:xsi="http://www.w3.org/2001/XMLSchema-instance" xsi:schemaLocation="http://www.knime.org/2008/09/XMLConfig http://www.knime.org/XMLConfig_2008_09.xsd" key="preprocessing">
    <config key="preprocColumns">
        <entry key="array-size" type="xint" value="5"/>
        <entry key="0" type="xstring" value="Department"/>
        <entry key="1" type="xstring" value="Region"/>
        <entry key="2" type="xstring" value="Education"/>
        <entry key="3" type="xstring" value="Gender"/>
        <entry key="4" type="xstring" value="Recruitment Channel"/>
    </config>
</config>
