<?xml version="1.0" encoding="UTF-8"?>
<config xmlns="http://www.knime.org/2008/09/XMLConfig" xmlns:xsi="http://www.w3.org/2001/XMLSchema-instance" xsi:schemaLocation="http://www.knime.org/2008/09/XMLConfig http://www.knime.org/XMLConfig_2008_09.xsd" key="MiningSchema">
    <config key="learning">
        <entry key="array-size" type="xint" value="11"/>
        <entry key="0" type="xstring" value="Department"/>
        <entry key="1" type="xstring" value="Region"/>
        <entry key="2" type="xstring" value="Education"/>
        <entry key="3" type="xstring" value="Gender"/>
        <entry key="4" type="xstring" value="Recruitment Channel"/>
        <entry key="5" type="xstring" value="Number of Trainings"/>
        <entry key="6" type="xstring" value="Age"/>
        <entry key="7" type="xstring" value="Previous Year Rating"/>
        <entry key="8" type="xstring" value="Length of Service"/>
        <entry key="9" type="xstring" value="Awards Won?"/>
        <entry key="10" type="xstring" value="Average Training Score"/>
    </config>
    <config key="target">
        <entry key="array-size" type="xint" value="1"/>
        <entry key="0" type="xstring" value="Is Promoted"/>
    </config>
</config>
